id,project_id,member_id,role,content,sources_json,model_name,created_at
dc082ba5-5bbc-5f78-80d5-983d7bac0c44,0a4f9295-ac96-59f7-b09d-fb82f68610c8,f2790941-d2e2-5684-a3c4-9d5190079275,user,[DUMMY] Daesung Automotive 긴급 발주 대응 진행 상황을 확인해 주세요.,"[{""type"": ""issue"", ""id"": ""9233a813-01f2-5134-965b-f2925598d3eb""}]",,2026-06-01T09:00:00+09:00
59364854-ba8c-57e6-bcfa-20d533e09d81,0a4f9295-ac96-59f7-b09d-fb82f68610c8,14c5dea0-99cd-5f9c-805f-c54d1c288527,user,[DUMMY] KET Supplier 재고 부족으로 납기 지연 가능 진행 상황을 확인해 주세요.,"[{""type"": ""issue"", ""id"": ""0412ea39-d6f9-5863-a8e7-dc95475a23ec""}]",,2026-06-01T09:00:00+09:00
eab11d9b-f219-5085-8dee-359d296f0129,0a4f9295-ac96-59f7-b09d-fb82f68610c8,1c3dbb27-e66e-5657-b375-24a86482d558,user,[DUMMY] Global Harness Vietnam 수출 서류 누락 통관 지연 진행 상황을 확인해 주세요.,"[{""type"": ""issue"", ""id"": ""26571714-8186-59a7-a8eb-f4247147a0bd""}]",,2026-06-01T09:00:00+09:00
bd7a21c2-a08a-52e6-9688-4e84d88b0921,0a4f9295-ac96-59f7-b09d-fb82f68610c8,458f1e97-c467-55f5-9f49-8de9d5d6cabf,user,[DUMMY] Mirae EV Systems 센서 케이블 반복 클레임 진행 상황을 확인해 주세요.,"[{""type"": ""issue"", ""id"": ""b695f8df-391a-5db1-ad1e-404f6b74dda5""}]",,2026-06-01T09:00:00+09:00
e5de2849-242d-5983-8f11-2762acc6b2aa,0a4f9295-ac96-59f7-b09d-fb82f68610c8,d2079b50-ac73-51af-b94b-106cf384cfbd,user,[DUMMY] Yazaki Parts Asia 리드타임 8주에서 12주 증가 진행 상황을 확인해 주세요.,"[{""type"": ""issue"", ""id"": ""4d6d5820-ded7-526d-a728-9cfa30993bb2""}]",,2026-06-01T09:00:00+09:00
00ce46d6-eaf9-5790-9337-652af40a1e48,0a4f9295-ac96-59f7-b09d-fb82f68610c8,88031485-b23f-5e98-bf28-4f157180e78c,user,[DUMMY] Hyundai Mobis Tier2 긴급 항공 이송 진행 상황을 확인해 주세요.,"[{""type"": ""issue"", ""id"": ""6654ff19-12ea-5412-8af5-958f74400da0""}]",,2026-06-01T09:00:00+09:00
894d2361-c0b4-5c71-912b-8c67aabc8131,0a4f9295-ac96-59f7-b09d-fb82f68610c8,c3f365be-d56d-52d7-be68-83627bdf3e90,user,[DUMMY] TE Connectivity Korea 단가 7% 인상 통보 진행 상황을 확인해 주세요.,"[{""type"": ""issue"", ""id"": ""2c14d7dd-a0cb-59a9-9da6-8384ff4d01f5""}]",,2026-06-01T09:00:00+09:00
90c41a54-319a-54d7-b27a-23e4a6f78376,0a4f9295-ac96-59f7-b09d-fb82f68610c8,b6ce97f8-0c0d-5492-88f5-8e92d3955338,user,[DUMMY] 박서연 담당 고객 인수인계 준비 진행 상황을 확인해 주세요.,"[{""type"": ""issue"", ""id"": ""e47e5ad6-7b5f-5ed1-bd0c-e1c9be4d18d1""}]",,2026-06-01T09:00:00+09:00
807872e3-eea1-571d-901a-6900604a0a94,0a4f9295-ac96-59f7-b09d-fb82f68610c8,f2790941-d2e2-5684-a3c4-9d5190079275,user,[DUMMY] Hanil Motors 정기 발주 수량 변경 진행 상황을 확인해 주세요.,"[{""type"": ""issue"", ""id"": ""913cdf3c-07b2-5040-b153-ab77664c73c1""}]",,2026-06-01T09:00:00+09:00
