source_id,id,project_id,file_name,file_type,storage_uri,created_at,analysis_status
DOC-2022-001-001,c12b4bf0-326b-5952-a876-28aed2ab6e21,586d5511-0afc-5d93-bbec-d3955db635ac,DOC-2022-001-001_urgent_shipment_conflict_2022-01-10.md,other,dummy_data/2022/02_raw_documents/sales_emails/DOC-2022-001-001_urgent_shipment_conflict_2022-01-10.md,2022-01-10T09:00:00,pending
DOC-2022-001-002,a4238c69-8ed9-5347-abfc-4bbe042f627d,586d5511-0afc-5d93-bbec-d3955db635ac,DOC-2022-001-002_urgent_shipment_conflict_2022-01-12.md,other,dummy_data/2022/02_raw_documents/purchase_emails/DOC-2022-001-002_urgent_shipment_conflict_2022-01-12.md,2022-01-12T09:00:00,pending
DOC-2022-001-003,3d9aed06-7fc6-506a-b4be-e47ec817563b,586d5511-0afc-5d93-bbec-d3955db635ac,DOC-2022-001-003_urgent_shipment_conflict_2022-01-13.md,other,dummy_data/2022/02_raw_documents/quality_claims/DOC-2022-001-003_urgent_shipment_conflict_2022-01-13.md,2022-01-13T09:00:00,pending
DOC-2022-001-004,3be3092a-0ba4-5dd5-806d-c41536a534ab,586d5511-0afc-5d93-bbec-d3955db635ac,DOC-2022-001-004_urgent_shipment_conflict_2022-01-15.md,other,dummy_data/2022/02_raw_documents/logistics_logs/DOC-2022-001-004_urgent_shipment_conflict_2022-01-15.md,2022-01-15T09:00:00,pending
DOC-2022-001-005,f69f61b8-fae9-55ff-95c6-ff6cc271f04f,586d5511-0afc-5d93-bbec-d3955db635ac,DOC-2022-001-005_urgent_shipment_conflict_2022-01-17.md,other,dummy_data/2022/02_raw_documents/meeting_notes/DOC-2022-001-005_urgent_shipment_conflict_2022-01-17.md,2022-01-17T09:00:00,pending
DOC-2022-001-006,f8073236-77ec-5831-ba3f-4e103892cbde,586d5511-0afc-5d93-bbec-d3955db635ac,DOC-2022-001-006_urgent_shipment_conflict_2022-01-18.md,other,dummy_data/2022/02_raw_documents/chat_logs/DOC-2022-001-006_urgent_shipment_conflict_2022-01-18.md,2022-01-18T09:00:00,pending
DOC-2022-001-007,1fe2daf2-f121-5b22-bb17-f3acf2da9fe7,586d5511-0afc-5d93-bbec-d3955db635ac,DOC-2022-001-007_urgent_shipment_conflict_2022-01-20.md,other,dummy_data/2022/02_raw_documents/sales_emails/DOC-2022-001-007_urgent_shipment_conflict_2022-01-20.md,2022-01-20T09:00:00,pending
DOC-2022-001-008,dbf59fe7-3544-5b73-acbd-0750a1efbb62,586d5511-0afc-5d93-bbec-d3955db635ac,DOC-2022-001-008_urgent_shipment_conflict_2022-01-21.md,other,dummy_data/2022/02_raw_documents/purchase_emails/DOC-2022-001-008_urgent_shipment_conflict_2022-01-21.md,2022-01-21T09:00:00,pending
DOC-2022-001-009,a95864ca-8775-5043-acc0-d31695b763b3,586d5511-0afc-5d93-bbec-d3955db635ac,DOC-2022-001-009_urgent_shipment_conflict_2022-01-23.md,other,dummy_data/2022/02_raw_documents/quality_claims/DOC-2022-001-009_urgent_shipment_conflict_2022-01-23.md,2022-01-23T09:00:00,pending
DOC-2022-001-010,1172d333-8fd9-53a4-981e-3daf8b4ff641,586d5511-0afc-5d93-bbec-d3955db635ac,DOC-2022-001-010_urgent_shipment_conflict_2022-01-25.md,other,dummy_data/2022/02_raw_documents/logistics_logs/DOC-2022-001-010_urgent_shipment_conflict_2022-01-25.md,2022-01-25T09:00:00,pending
DOC-2022-001-011,5ade9295-d3b3-5e1f-8ca3-afbad108cb4b,586d5511-0afc-5d93-bbec-d3955db635ac,DOC-2022-001-011_urgent_shipment_conflict_2022-01-26.md,other,dummy_data/2022/02_raw_documents/meeting_notes/DOC-2022-001-011_urgent_shipment_conflict_2022-01-26.md,2022-01-26T09:00:00,pending
DOC-2022-001-012,ac7edd9f-002a-5ca8-89fa-16304b9d478e,586d5511-0afc-5d93-bbec-d3955db635ac,DOC-2022-001-012_urgent_shipment_conflict_2022-01-28.md,other,dummy_data/2022/02_raw_documents/chat_logs/DOC-2022-001-012_urgent_shipment_conflict_2022-01-28.md,2022-01-28T09:00:00,pending
DOC-2022-002-001,96055eaf-e694-5fff-8f71-3b0e6e0edaad,586d5511-0afc-5d93-bbec-d3955db635ac,DOC-2022-002-001_supplier_stock_substitute_2022-03-04.md,other,dummy_data/2022/02_raw_documents/sales_emails/DOC-2022-002-001_supplier_stock_substitute_2022-03-04.md,2022-03-04T09:00:00,pending
DOC-2022-002-002,1d986bb4-4551-5830-bb00-e6cacc2849c4,586d5511-0afc-5d93-bbec-d3955db635ac,DOC-2022-002-002_supplier_stock_substitute_2022-03-06.md,other,dummy_data/2022/02_raw_documents/purchase_emails/DOC-2022-002-002_supplier_stock_substitute_2022-03-06.md,2022-03-06T09:00:00,pending
DOC-2022-002-003,adfc0798-4d1c-5bfe-86b1-b69004ba7f56,586d5511-0afc-5d93-bbec-d3955db635ac,DOC-2022-002-003_supplier_stock_substitute_2022-03-08.md,other,dummy_data/2022/02_raw_documents/quality_claims/DOC-2022-002-003_supplier_stock_substitute_2022-03-08.md,2022-03-08T09:00:00,pending
DOC-2022-002-004,a19cc7c8-d109-5c89-ba5c-2fccef470e57,586d5511-0afc-5d93-bbec-d3955db635ac,DOC-2022-002-004_supplier_stock_substitute_2022-03-10.md,other,dummy_data/2022/02_raw_documents/logistics_logs/DOC-2022-002-004_supplier_stock_substitute_2022-03-10.md,2022-03-10T09:00:00,pending
DOC-2022-002-005,c80ef104-a38e-572b-bdea-e8c38eed48e7,586d5511-0afc-5d93-bbec-d3955db635ac,DOC-2022-002-005_supplier_stock_substitute_2022-03-12.md,other,dummy_data/2022/02_raw_documents/meeting_notes/DOC-2022-002-005_supplier_stock_substitute_2022-03-12.md,2022-03-12T09:00:00,pending
DOC-2022-002-006,ada0206f-78ba-5761-b633-6be83038ffda,586d5511-0afc-5d93-bbec-d3955db635ac,DOC-2022-002-006_supplier_stock_substitute_2022-03-14.md,other,dummy_data/2022/02_raw_documents/chat_logs/DOC-2022-002-006_supplier_stock_substitute_2022-03-14.md,2022-03-14T09:00:00,pending
DOC-2022-002-007,7998dfd6-5d66-52cc-8992-789536123627,586d5511-0afc-5d93-bbec-d3955db635ac,DOC-2022-002-007_supplier_stock_substitute_2022-03-15.md,other,dummy_data/2022/02_raw_documents/sales_emails/DOC-2022-002-007_supplier_stock_substitute_2022-03-15.md,2022-03-15T09:00:00,pending
DOC-2022-002-008,7edff1c7-78e4-5bd7-9183-8012dde5a0e2,586d5511-0afc-5d93-bbec-d3955db635ac,DOC-2022-002-008_supplier_stock_substitute_2022-03-17.md,other,dummy_data/2022/02_raw_documents/purchase_emails/DOC-2022-002-008_supplier_stock_substitute_2022-03-17.md,2022-03-17T09:00:00,pending
DOC-2022-002-009,5ecd178a-7a0f-591e-a43f-0e35c20d3676,586d5511-0afc-5d93-bbec-d3955db635ac,DOC-2022-002-009_supplier_stock_substitute_2022-03-19.md,other,dummy_data/2022/02_raw_documents/quality_claims/DOC-2022-002-009_supplier_stock_substitute_2022-03-19.md,2022-03-19T09:00:00,pending
DOC-2022-002-010,60f6732c-49a7-5c97-b89b-84fbf679bebc,586d5511-0afc-5d93-bbec-d3955db635ac,DOC-2022-002-010_supplier_stock_substitute_2022-03-21.md,other,dummy_data/2022/02_raw_documents/logistics_logs/DOC-2022-002-010_supplier_stock_substitute_2022-03-21.md,2022-03-21T09:00:00,pending
DOC-2022-002-011,98e9b420-ee2d-55ca-8f0a-63d398adbdfa,586d5511-0afc-5d93-bbec-d3955db635ac,DOC-2022-002-011_supplier_stock_substitute_2022-03-23.md,other,dummy_data/2022/02_raw_documents/meeting_notes/DOC-2022-002-011_supplier_stock_substitute_2022-03-23.md,2022-03-23T09:00:00,pending
DOC-2022-002-012,208e3136-b9bf-5777-9fff-91e050377434,586d5511-0afc-5d93-bbec-d3955db635ac,DOC-2022-002-012_supplier_stock_substitute_2022-03-25.md,other,dummy_data/2022/02_raw_documents/chat_logs/DOC-2022-002-012_supplier_stock_substitute_2022-03-25.md,2022-03-25T09:00:00,pending
DOC-2022-003-001,2da4934f-e1cc-5775-9a82-5afb695ec4d9,586d5511-0afc-5d93-bbec-d3955db635ac,DOC-2022-003-001_export_document_gap_2022-04-07.md,other,dummy_data/2022/02_raw_documents/sales_emails/DOC-2022-003-001_export_document_gap_2022-04-07.md,2022-04-07T09:00:00,pending
DOC-2022-003-002,e3ab9959-fea2-516a-b3e4-0eaf5afa36e9,586d5511-0afc-5d93-bbec-d3955db635ac,DOC-2022-003-002_export_document_gap_2022-04-08.md,other,dummy_data/2022/02_raw_documents/purchase_emails/DOC-2022-003-002_export_document_gap_2022-04-08.md,2022-04-08T09:00:00,pending
DOC-2022-003-003,91dd77bb-80f6-5754-8d9f-7f523d02e965,586d5511-0afc-5d93-bbec-d3955db635ac,DOC-2022-003-003_export_document_gap_2022-04-10.md,other,dummy_data/2022/02_raw_documents/quality_claims/DOC-2022-003-003_export_document_gap_2022-04-10.md,2022-04-10T09:00:00,pending
DOC-2022-003-004,ed65f82e-f0ac-5058-81c0-e804244c4189,586d5511-0afc-5d93-bbec-d3955db635ac,DOC-2022-003-004_export_document_gap_2022-04-11.md,other,dummy_data/2022/02_raw_documents/logistics_logs/DOC-2022-003-004_export_document_gap_2022-04-11.md,2022-04-11T09:00:00,pending
DOC-2022-003-005,c0df148f-9ef1-5219-84c7-61a872decff8,586d5511-0afc-5d93-bbec-d3955db635ac,DOC-2022-003-005_export_document_gap_2022-04-12.md,other,dummy_data/2022/02_raw_documents/meeting_notes/DOC-2022-003-005_export_document_gap_2022-04-12.md,2022-04-12T09:00:00,pending
DOC-2022-003-006,ef789f0c-31ee-5704-8fb3-bac435ea5231,586d5511-0afc-5d93-bbec-d3955db635ac,DOC-2022-003-006_export_document_gap_2022-04-14.md,other,dummy_data/2022/02_raw_documents/chat_logs/DOC-2022-003-006_export_document_gap_2022-04-14.md,2022-04-14T09:00:00,pending
DOC-2022-003-007,ab76214d-7dc4-5a59-8b1f-85385075b14a,586d5511-0afc-5d93-bbec-d3955db635ac,DOC-2022-003-007_export_document_gap_2022-04-15.md,other,dummy_data/2022/02_raw_documents/sales_emails/DOC-2022-003-007_export_document_gap_2022-04-15.md,2022-04-15T09:00:00,pending
DOC-2022-003-008,2ebcf78d-d6a8-544d-81fe-4c2caee8df5d,586d5511-0afc-5d93-bbec-d3955db635ac,DOC-2022-003-008_export_document_gap_2022-04-17.md,other,dummy_data/2022/02_raw_documents/purchase_emails/DOC-2022-003-008_export_document_gap_2022-04-17.md,2022-04-17T09:00:00,pending
DOC-2022-003-009,7bc9b7d9-433d-5141-a512-f86929dde34a,586d5511-0afc-5d93-bbec-d3955db635ac,DOC-2022-003-009_export_document_gap_2022-04-18.md,other,dummy_data/2022/02_raw_documents/quality_claims/DOC-2022-003-009_export_document_gap_2022-04-18.md,2022-04-18T09:00:00,pending
DOC-2022-003-010,eac967a7-3dda-5834-917b-916453e67d56,586d5511-0afc-5d93-bbec-d3955db635ac,DOC-2022-003-010_export_document_gap_2022-04-19.md,other,dummy_data/2022/02_raw_documents/logistics_logs/DOC-2022-003-010_export_document_gap_2022-04-19.md,2022-04-19T09:00:00,pending
DOC-2022-003-011,cb6d90a9-da85-5505-87f1-dc46cc2dbad9,586d5511-0afc-5d93-bbec-d3955db635ac,DOC-2022-003-011_export_document_gap_2022-04-21.md,other,dummy_data/2022/02_raw_documents/meeting_notes/DOC-2022-003-011_export_document_gap_2022-04-21.md,2022-04-21T09:00:00,pending
DOC-2022-003-012,96d7165e-cf0e-5cbd-8a7b-2a8600afe792,586d5511-0afc-5d93-bbec-d3955db635ac,DOC-2022-003-012_export_document_gap_2022-04-22.md,other,dummy_data/2022/02_raw_documents/chat_logs/DOC-2022-003-012_export_document_gap_2022-04-22.md,2022-04-22T09:00:00,pending
DOC-2022-004-001,5e819c2f-0b1b-50a8-b503-6158f26a1b18,586d5511-0afc-5d93-bbec-d3955db635ac,DOC-2022-004-001_quality_or_assembly_claim_2022-05-09.md,other,dummy_data/2022/02_raw_documents/sales_emails/DOC-2022-004-001_quality_or_assembly_claim_2022-05-09.md,2022-05-09T09:00:00,pending
DOC-2022-004-002,b5307c2d-44d9-568c-972f-ff48889b9c8d,586d5511-0afc-5d93-bbec-d3955db635ac,DOC-2022-004-002_quality_or_assembly_claim_2022-05-11.md,other,dummy_data/2022/02_raw_documents/purchase_emails/DOC-2022-004-002_quality_or_assembly_claim_2022-05-11.md,2022-05-11T09:00:00,pending
DOC-2022-004-003,88b0d6a7-0020-578d-babb-86d914588b24,586d5511-0afc-5d93-bbec-d3955db635ac,DOC-2022-004-003_quality_or_assembly_claim_2022-05-13.md,other,dummy_data/2022/02_raw_documents/quality_claims/DOC-2022-004-003_quality_or_assembly_claim_2022-05-13.md,2022-05-13T09:00:00,pending
DOC-2022-004-004,90664f3f-fbf1-539f-b8d4-cfaaa3a4944b,586d5511-0afc-5d93-bbec-d3955db635ac,DOC-2022-004-004_quality_or_assembly_claim_2022-05-15.md,other,dummy_data/2022/02_raw_documents/logistics_logs/DOC-2022-004-004_quality_or_assembly_claim_2022-05-15.md,2022-05-15T09:00:00,pending
DOC-2022-004-005,a9e59ac4-5483-5586-84d0-3478f608962e,586d5511-0afc-5d93-bbec-d3955db635ac,DOC-2022-004-005_quality_or_assembly_claim_2022-05-17.md,other,dummy_data/2022/02_raw_documents/meeting_notes/DOC-2022-004-005_quality_or_assembly_claim_2022-05-17.md,2022-05-17T09:00:00,pending
DOC-2022-004-006,95af561c-c422-5288-b6d0-57479fa1683a,586d5511-0afc-5d93-bbec-d3955db635ac,DOC-2022-004-006_quality_or_assembly_claim_2022-05-19.md,other,dummy_data/2022/02_raw_documents/chat_logs/DOC-2022-004-006_quality_or_assembly_claim_2022-05-19.md,2022-05-19T09:00:00,pending
DOC-2022-004-007,058d89a8-0462-58ce-859c-43ed8c69e341,586d5511-0afc-5d93-bbec-d3955db635ac,DOC-2022-004-007_quality_or_assembly_claim_2022-05-21.md,other,dummy_data/2022/02_raw_documents/sales_emails/DOC-2022-004-007_quality_or_assembly_claim_2022-05-21.md,2022-05-21T09:00:00,pending
DOC-2022-004-008,604c43d4-c6e5-512a-8681-36d2e0a54192,586d5511-0afc-5d93-bbec-d3955db635ac,DOC-2022-004-008_quality_or_assembly_claim_2022-05-23.md,other,dummy_data/2022/02_raw_documents/purchase_emails/DOC-2022-004-008_quality_or_assembly_claim_2022-05-23.md,2022-05-23T09:00:00,pending
DOC-2022-004-009,1465867a-9273-56a1-9f36-3e43ce5a8423,586d5511-0afc-5d93-bbec-d3955db635ac,DOC-2022-004-009_quality_or_assembly_claim_2022-05-25.md,other,dummy_data/2022/02_raw_documents/quality_claims/DOC-2022-004-009_quality_or_assembly_claim_2022-05-25.md,2022-05-25T09:00:00,pending
DOC-2022-004-010,503123e9-27e1-5728-944c-48e7fb673819,586d5511-0afc-5d93-bbec-d3955db635ac,DOC-2022-004-010_quality_or_assembly_claim_2022-05-27.md,other,dummy_data/2022/02_raw_documents/logistics_logs/DOC-2022-004-010_quality_or_assembly_claim_2022-05-27.md,2022-05-27T09:00:00,pending
DOC-2022-004-011,2a171cd8-2595-5bce-b6ee-d4e817d0e6fd,586d5511-0afc-5d93-bbec-d3955db635ac,DOC-2022-004-011_quality_or_assembly_claim_2022-05-29.md,other,dummy_data/2022/02_raw_documents/meeting_notes/DOC-2022-004-011_quality_or_assembly_claim_2022-05-29.md,2022-05-29T09:00:00,pending
DOC-2022-004-012,40e37ac5-4c4d-5057-bdd5-2095394df3b2,586d5511-0afc-5d93-bbec-d3955db635ac,DOC-2022-004-012_quality_or_assembly_claim_2022-05-31.md,other,dummy_data/2022/02_raw_documents/chat_logs/DOC-2022-004-012_quality_or_assembly_claim_2022-05-31.md,2022-05-31T09:00:00,pending
DOC-2022-005-001,7598cb53-0f6e-5ec2-9f22-452cf64b5d5a,586d5511-0afc-5d93-bbec-d3955db635ac,DOC-2022-005-001_lead_time_conflict_2022-07-01.md,other,dummy_data/2022/02_raw_documents/sales_emails/DOC-2022-005-001_lead_time_conflict_2022-07-01.md,2022-07-01T09:00:00,pending
DOC-2022-005-002,f11c7ecd-0812-56ee-ad3a-f8266adc989d,586d5511-0afc-5d93-bbec-d3955db635ac,DOC-2022-005-002_lead_time_conflict_2022-07-04.md,other,dummy_data/2022/02_raw_documents/purchase_emails/DOC-2022-005-002_lead_time_conflict_2022-07-04.md,2022-07-04T09:00:00,pending
DOC-2022-005-003,cd8a26ad-6782-5bae-b59e-a091ec398564,586d5511-0afc-5d93-bbec-d3955db635ac,DOC-2022-005-003_lead_time_conflict_2022-07-06.md,other,dummy_data/2022/02_raw_documents/quality_claims/DOC-2022-005-003_lead_time_conflict_2022-07-06.md,2022-07-06T09:00:00,pending
DOC-2022-005-004,8389ed32-ceb7-5eac-8f02-e206e345de16,586d5511-0afc-5d93-bbec-d3955db635ac,DOC-2022-005-004_lead_time_conflict_2022-07-09.md,other,dummy_data/2022/02_raw_documents/logistics_logs/DOC-2022-005-004_lead_time_conflict_2022-07-09.md,2022-07-09T09:00:00,pending
DOC-2022-005-005,49aac6d4-7c58-5998-87da-d1ef8157dd2b,586d5511-0afc-5d93-bbec-d3955db635ac,DOC-2022-005-005_lead_time_conflict_2022-07-11.md,other,dummy_data/2022/02_raw_documents/meeting_notes/DOC-2022-005-005_lead_time_conflict_2022-07-11.md,2022-07-11T09:00:00,pending
DOC-2022-005-006,faf977ba-e4ae-54a5-b14c-d43982658510,586d5511-0afc-5d93-bbec-d3955db635ac,DOC-2022-005-006_lead_time_conflict_2022-07-14.md,other,dummy_data/2022/02_raw_documents/chat_logs/DOC-2022-005-006_lead_time_conflict_2022-07-14.md,2022-07-14T09:00:00,pending
DOC-2022-005-007,f06d4915-9755-5904-81c3-9943e384172c,586d5511-0afc-5d93-bbec-d3955db635ac,DOC-2022-005-007_lead_time_conflict_2022-07-16.md,other,dummy_data/2022/02_raw_documents/sales_emails/DOC-2022-005-007_lead_time_conflict_2022-07-16.md,2022-07-16T09:00:00,pending
DOC-2022-005-008,9cdef676-fbdb-54a7-9a1d-270595b4c65e,586d5511-0afc-5d93-bbec-d3955db635ac,DOC-2022-005-008_lead_time_conflict_2022-07-19.md,other,dummy_data/2022/02_raw_documents/purchase_emails/DOC-2022-005-008_lead_time_conflict_2022-07-19.md,2022-07-19T09:00:00,pending
DOC-2022-005-009,88b868ea-4f41-5dfc-8b94-51162fbe23ae,586d5511-0afc-5d93-bbec-d3955db635ac,DOC-2022-005-009_lead_time_conflict_2022-07-21.md,other,dummy_data/2022/02_raw_documents/quality_claims/DOC-2022-005-009_lead_time_conflict_2022-07-21.md,2022-07-21T09:00:00,pending
DOC-2022-005-010,cd3debf5-f1c1-5af9-8921-0f75f8a23194,586d5511-0afc-5d93-bbec-d3955db635ac,DOC-2022-005-010_lead_time_conflict_2022-07-24.md,other,dummy_data/2022/02_raw_documents/logistics_logs/DOC-2022-005-010_lead_time_conflict_2022-07-24.md,2022-07-24T09:00:00,pending
DOC-2022-005-011,901afaa6-2290-5eed-896d-e0c21ef466a3,586d5511-0afc-5d93-bbec-d3955db635ac,DOC-2022-005-011_lead_time_conflict_2022-07-26.md,other,dummy_data/2022/02_raw_documents/meeting_notes/DOC-2022-005-011_lead_time_conflict_2022-07-26.md,2022-07-26T09:00:00,pending
DOC-2022-005-012,01749ce0-a571-5995-b1ad-42462e4a7160,586d5511-0afc-5d93-bbec-d3955db635ac,DOC-2022-005-012_lead_time_conflict_2022-07-29.md,other,dummy_data/2022/02_raw_documents/chat_logs/DOC-2022-005-012_lead_time_conflict_2022-07-29.md,2022-07-29T09:00:00,pending
DOC-2022-006-001,25fc896c-40d0-514e-86a0-1333a61e9502,586d5511-0afc-5d93-bbec-d3955db635ac,DOC-2022-006-001_air_freight_approval_delay_2022-08-11.md,other,dummy_data/2022/02_raw_documents/sales_emails/DOC-2022-006-001_air_freight_approval_delay_2022-08-11.md,2022-08-11T09:00:00,pending
DOC-2022-006-002,fe4d9840-6702-5414-8b6f-b89e5e5b671e,586d5511-0afc-5d93-bbec-d3955db635ac,DOC-2022-006-002_air_freight_approval_delay_2022-08-13.md,other,dummy_data/2022/02_raw_documents/purchase_emails/DOC-2022-006-002_air_freight_approval_delay_2022-08-13.md,2022-08-13T09:00:00,pending
DOC-2022-006-003,b1306df7-46b9-50e4-ac60-55cfc36b60af,586d5511-0afc-5d93-bbec-d3955db635ac,DOC-2022-006-003_air_freight_approval_delay_2022-08-14.md,other,dummy_data/2022/02_raw_documents/quality_claims/DOC-2022-006-003_air_freight_approval_delay_2022-08-14.md,2022-08-14T09:00:00,pending
DOC-2022-006-004,cfe1636e-547c-5874-989d-66e114944e2b,586d5511-0afc-5d93-bbec-d3955db635ac,DOC-2022-006-004_air_freight_approval_delay_2022-08-16.md,other,dummy_data/2022/02_raw_documents/logistics_logs/DOC-2022-006-004_air_freight_approval_delay_2022-08-16.md,2022-08-16T09:00:00,pending
DOC-2022-006-005,8f4d2f35-7837-5f5b-9a2a-dce817fe06b8,586d5511-0afc-5d93-bbec-d3955db635ac,DOC-2022-006-005_air_freight_approval_delay_2022-08-18.md,other,dummy_data/2022/02_raw_documents/meeting_notes/DOC-2022-006-005_air_freight_approval_delay_2022-08-18.md,2022-08-18T09:00:00,pending
DOC-2022-006-006,5fc33adb-2b38-51e2-a547-d06034054961,586d5511-0afc-5d93-bbec-d3955db635ac,DOC-2022-006-006_air_freight_approval_delay_2022-08-20.md,other,dummy_data/2022/02_raw_documents/chat_logs/DOC-2022-006-006_air_freight_approval_delay_2022-08-20.md,2022-08-20T09:00:00,pending
DOC-2022-006-007,e204e5c0-25ca-5bd9-bfb4-d2cb04df8086,586d5511-0afc-5d93-bbec-d3955db635ac,DOC-2022-006-007_air_freight_approval_delay_2022-08-21.md,other,dummy_data/2022/02_raw_documents/sales_emails/DOC-2022-006-007_air_freight_approval_delay_2022-08-21.md,2022-08-21T09:00:00,pending
DOC-2022-006-008,23bb80ce-56f4-5e22-8ede-a9438c9714f7,586d5511-0afc-5d93-bbec-d3955db635ac,DOC-2022-006-008_air_freight_approval_delay_2022-08-23.md,other,dummy_data/2022/02_raw_documents/purchase_emails/DOC-2022-006-008_air_freight_approval_delay_2022-08-23.md,2022-08-23T09:00:00,pending
DOC-2022-006-009,958a6414-8c74-51e2-b973-9564430a7543,586d5511-0afc-5d93-bbec-d3955db635ac,DOC-2022-006-009_air_freight_approval_delay_2022-08-25.md,other,dummy_data/2022/02_raw_documents/quality_claims/DOC-2022-006-009_air_freight_approval_delay_2022-08-25.md,2022-08-25T09:00:00,pending
DOC-2022-006-010,c32629f7-bc71-56dd-91ba-e86bad93cb7e,586d5511-0afc-5d93-bbec-d3955db635ac,DOC-2022-006-010_air_freight_approval_delay_2022-08-27.md,other,dummy_data/2022/02_raw_documents/logistics_logs/DOC-2022-006-010_air_freight_approval_delay_2022-08-27.md,2022-08-27T09:00:00,pending
DOC-2022-006-011,0594a6c1-8bda-5068-9df3-59fc53dd2af3,586d5511-0afc-5d93-bbec-d3955db635ac,DOC-2022-006-011_air_freight_approval_delay_2022-08-28.md,other,dummy_data/2022/02_raw_documents/meeting_notes/DOC-2022-006-011_air_freight_approval_delay_2022-08-28.md,2022-08-28T09:00:00,pending
DOC-2022-006-012,cfd8f9f7-802b-528d-a047-61c2d095d171,586d5511-0afc-5d93-bbec-d3955db635ac,DOC-2022-006-012_air_freight_approval_delay_2022-08-30.md,other,dummy_data/2022/02_raw_documents/chat_logs/DOC-2022-006-012_air_freight_approval_delay_2022-08-30.md,2022-08-30T09:00:00,pending
DOC-2022-007-001,8f248db8-f30b-5dbe-9517-172095c8e850,586d5511-0afc-5d93-bbec-d3955db635ac,DOC-2022-007-001_price_quote_conflict_2022-10-03.md,other,dummy_data/2022/02_raw_documents/sales_emails/DOC-2022-007-001_price_quote_conflict_2022-10-03.md,2022-10-03T09:00:00,pending
DOC-2022-007-002,f9d50b6c-8b99-584e-a903-e79a6867c3b6,586d5511-0afc-5d93-bbec-d3955db635ac,DOC-2022-007-002_price_quote_conflict_2022-10-05.md,other,dummy_data/2022/02_raw_documents/purchase_emails/DOC-2022-007-002_price_quote_conflict_2022-10-05.md,2022-10-05T09:00:00,pending
DOC-2022-007-003,c4d1b8cd-8c69-56f7-af97-23bf14fdf686,586d5511-0afc-5d93-bbec-d3955db635ac,DOC-2022-007-003_price_quote_conflict_2022-10-08.md,other,dummy_data/2022/02_raw_documents/quality_claims/DOC-2022-007-003_price_quote_conflict_2022-10-08.md,2022-10-08T09:00:00,pending
DOC-2022-007-004,dd5be37c-884d-579c-8e08-8cdae69adb43,586d5511-0afc-5d93-bbec-d3955db635ac,DOC-2022-007-004_price_quote_conflict_2022-10-10.md,other,dummy_data/2022/02_raw_documents/logistics_logs/DOC-2022-007-004_price_quote_conflict_2022-10-10.md,2022-10-10T09:00:00,pending
DOC-2022-007-005,50be8ceb-1e31-5b86-bebe-5769f484ba90,586d5511-0afc-5d93-bbec-d3955db635ac,DOC-2022-007-005_price_quote_conflict_2022-10-12.md,other,dummy_data/2022/02_raw_documents/meeting_notes/DOC-2022-007-005_price_quote_conflict_2022-10-12.md,2022-10-12T09:00:00,pending
DOC-2022-007-006,805fc417-4b68-592d-8f68-1e8c28004eb5,586d5511-0afc-5d93-bbec-d3955db635ac,DOC-2022-007-006_price_quote_conflict_2022-10-14.md,other,dummy_data/2022/02_raw_documents/chat_logs/DOC-2022-007-006_price_quote_conflict_2022-10-14.md,2022-10-14T09:00:00,pending
DOC-2022-007-007,f7bc710b-a196-5063-b806-d0ba898a5c60,586d5511-0afc-5d93-bbec-d3955db635ac,DOC-2022-007-007_price_quote_conflict_2022-10-17.md,other,dummy_data/2022/02_raw_documents/sales_emails/DOC-2022-007-007_price_quote_conflict_2022-10-17.md,2022-10-17T09:00:00,pending
DOC-2022-007-008,19bf6d44-be3a-5558-9dc4-c1fc84370d3a,586d5511-0afc-5d93-bbec-d3955db635ac,DOC-2022-007-008_price_quote_conflict_2022-10-19.md,other,dummy_data/2022/02_raw_documents/purchase_emails/DOC-2022-007-008_price_quote_conflict_2022-10-19.md,2022-10-19T09:00:00,pending
DOC-2022-007-009,81589429-767d-5a1b-95a2-e8063aeb5c37,586d5511-0afc-5d93-bbec-d3955db635ac,DOC-2022-007-009_price_quote_conflict_2022-10-21.md,other,dummy_data/2022/02_raw_documents/quality_claims/DOC-2022-007-009_price_quote_conflict_2022-10-21.md,2022-10-21T09:00:00,pending
DOC-2022-007-010,480671f1-8b4d-5ccf-a208-d85e83be812a,586d5511-0afc-5d93-bbec-d3955db635ac,DOC-2022-007-010_price_quote_conflict_2022-10-23.md,other,dummy_data/2022/02_raw_documents/logistics_logs/DOC-2022-007-010_price_quote_conflict_2022-10-23.md,2022-10-23T09:00:00,pending
DOC-2022-007-011,06a08cb6-38d6-5f7e-a26e-22937ae2c14f,586d5511-0afc-5d93-bbec-d3955db635ac,DOC-2022-007-011_price_quote_conflict_2022-10-26.md,other,dummy_data/2022/02_raw_documents/meeting_notes/DOC-2022-007-011_price_quote_conflict_2022-10-26.md,2022-10-26T09:00:00,pending
DOC-2022-007-012,1ffa68ae-cf52-511f-9ff6-9374a7f7f003,586d5511-0afc-5d93-bbec-d3955db635ac,DOC-2022-007-012_price_quote_conflict_2022-10-28.md,other,dummy_data/2022/02_raw_documents/chat_logs/DOC-2022-007-012_price_quote_conflict_2022-10-28.md,2022-10-28T09:00:00,pending
DOC-2022-008-001,203f5cc8-e148-5d74-bb29-f06c9e1750eb,586d5511-0afc-5d93-bbec-d3955db635ac,DOC-2022-008-001_temporary_owner_gap_2022-12-05.md,other,dummy_data/2022/02_raw_documents/sales_emails/DOC-2022-008-001_temporary_owner_gap_2022-12-05.md,2022-12-05T09:00:00,pending
DOC-2022-008-002,3a110b74-592c-5be1-99bc-b156c2e5b12b,586d5511-0afc-5d93-bbec-d3955db635ac,DOC-2022-008-002_temporary_owner_gap_2022-12-07.md,other,dummy_data/2022/02_raw_documents/purchase_emails/DOC-2022-008-002_temporary_owner_gap_2022-12-07.md,2022-12-07T09:00:00,pending
DOC-2022-008-003,102ebddb-4fb2-591d-939b-e050a0a87e74,586d5511-0afc-5d93-bbec-d3955db635ac,DOC-2022-008-003_temporary_owner_gap_2022-12-08.md,other,dummy_data/2022/02_raw_documents/quality_claims/DOC-2022-008-003_temporary_owner_gap_2022-12-08.md,2022-12-08T09:00:00,pending
DOC-2022-008-004,1a010970-bdbc-53f3-904c-64db95b342eb,586d5511-0afc-5d93-bbec-d3955db635ac,DOC-2022-008-004_temporary_owner_gap_2022-12-10.md,other,dummy_data/2022/02_raw_documents/logistics_logs/DOC-2022-008-004_temporary_owner_gap_2022-12-10.md,2022-12-10T09:00:00,pending
DOC-2022-008-005,f132e3c2-b344-5376-b85b-8abc78d3004a,586d5511-0afc-5d93-bbec-d3955db635ac,DOC-2022-008-005_temporary_owner_gap_2022-12-12.md,other,dummy_data/2022/02_raw_documents/meeting_notes/DOC-2022-008-005_temporary_owner_gap_2022-12-12.md,2022-12-12T09:00:00,pending
DOC-2022-008-006,59ccc109-9b37-5833-970c-028ce4025ed7,586d5511-0afc-5d93-bbec-d3955db635ac,DOC-2022-008-006_temporary_owner_gap_2022-12-13.md,other,dummy_data/2022/02_raw_documents/chat_logs/DOC-2022-008-006_temporary_owner_gap_2022-12-13.md,2022-12-13T09:00:00,pending
DOC-2022-008-007,09b29e3a-0846-567f-9f0f-c5da3d986edb,586d5511-0afc-5d93-bbec-d3955db635ac,DOC-2022-008-007_temporary_owner_gap_2022-12-15.md,other,dummy_data/2022/02_raw_documents/sales_emails/DOC-2022-008-007_temporary_owner_gap_2022-12-15.md,2022-12-15T09:00:00,pending
DOC-2022-008-008,d9d67f85-c75d-5665-b0b5-604d3c7f3836,586d5511-0afc-5d93-bbec-d3955db635ac,DOC-2022-008-008_temporary_owner_gap_2022-12-16.md,other,dummy_data/2022/02_raw_documents/purchase_emails/DOC-2022-008-008_temporary_owner_gap_2022-12-16.md,2022-12-16T09:00:00,pending
DOC-2022-008-009,7691644c-194a-5068-86c3-8d27cc64cfcf,586d5511-0afc-5d93-bbec-d3955db635ac,DOC-2022-008-009_temporary_owner_gap_2022-12-18.md,other,dummy_data/2022/02_raw_documents/quality_claims/DOC-2022-008-009_temporary_owner_gap_2022-12-18.md,2022-12-18T09:00:00,pending
DOC-2022-008-010,22589eb4-f991-546b-84a6-30a88117ea07,586d5511-0afc-5d93-bbec-d3955db635ac,DOC-2022-008-010_temporary_owner_gap_2022-12-20.md,other,dummy_data/2022/02_raw_documents/logistics_logs/DOC-2022-008-010_temporary_owner_gap_2022-12-20.md,2022-12-20T09:00:00,pending
DOC-2022-008-011,4762645c-43b7-5489-b55e-e30d62c25378,586d5511-0afc-5d93-bbec-d3955db635ac,DOC-2022-008-011_temporary_owner_gap_2022-12-21.md,other,dummy_data/2022/02_raw_documents/meeting_notes/DOC-2022-008-011_temporary_owner_gap_2022-12-21.md,2022-12-21T09:00:00,pending
DOC-2022-008-012,2a20a6ae-4fa7-5dd5-8599-32665a3345e6,586d5511-0afc-5d93-bbec-d3955db635ac,DOC-2022-008-012_temporary_owner_gap_2022-12-23.md,other,dummy_data/2022/02_raw_documents/chat_logs/DOC-2022-008-012_temporary_owner_gap_2022-12-23.md,2022-12-23T09:00:00,pending
DOC-2022-009-001,89195a16-6939-5752-a695-f02a0091e86c,586d5511-0afc-5d93-bbec-d3955db635ac,DOC-2022-009-001_delivery_recheck_2022-02-03.md,other,dummy_data/2022/02_raw_documents/sales_emails/DOC-2022-009-001_delivery_recheck_2022-02-03.md,2022-02-03T09:00:00,pending
DOC-2022-009-002,7cc7e496-d9ad-540a-9942-0bec5c942c48,586d5511-0afc-5d93-bbec-d3955db635ac,DOC-2022-009-002_delivery_recheck_2022-02-06.md,other,dummy_data/2022/02_raw_documents/purchase_emails/DOC-2022-009-002_delivery_recheck_2022-02-06.md,2022-02-06T09:00:00,pending
DOC-2022-009-003,9657cb2a-5b01-5681-9667-55d43b535cf8,586d5511-0afc-5d93-bbec-d3955db635ac,DOC-2022-009-003_delivery_recheck_2022-02-09.md,other,dummy_data/2022/02_raw_documents/quality_claims/DOC-2022-009-003_delivery_recheck_2022-02-09.md,2022-02-09T09:00:00,pending
DOC-2022-009-004,42e59141-aa67-5d48-b635-cdf967fe15e3,586d5511-0afc-5d93-bbec-d3955db635ac,DOC-2022-009-004_delivery_recheck_2022-02-12.md,other,dummy_data/2022/02_raw_documents/logistics_logs/DOC-2022-009-004_delivery_recheck_2022-02-12.md,2022-02-12T09:00:00,pending
DOC-2022-010-001,7941c0aa-79dc-5ce8-bcaf-df40e7c2a96f,586d5511-0afc-5d93-bbec-d3955db635ac,DOC-2022-010-001_product_code_typo_2022-02-17.md,other,dummy_data/2022/02_raw_documents/sales_emails/DOC-2022-010-001_product_code_typo_2022-02-17.md,2022-02-17T09:00:00,pending
DOC-2022-010-002,04127eb5-4e24-50b9-9e28-46196f62cf25,586d5511-0afc-5d93-bbec-d3955db635ac,DOC-2022-010-002_product_code_typo_2022-02-20.md,other,dummy_data/2022/02_raw_documents/purchase_emails/DOC-2022-010-002_product_code_typo_2022-02-20.md,2022-02-20T09:00:00,pending
DOC-2022-010-003,2aeb4efb-0483-5403-844f-213a82b3f8d5,586d5511-0afc-5d93-bbec-d3955db635ac,DOC-2022-010-003_product_code_typo_2022-02-22.md,other,dummy_data/2022/02_raw_documents/quality_claims/DOC-2022-010-003_product_code_typo_2022-02-22.md,2022-02-22T09:00:00,pending
DOC-2022-010-004,d9572bb9-de31-55cb-a94a-cd18e98433e1,586d5511-0afc-5d93-bbec-d3955db635ac,DOC-2022-010-004_product_code_typo_2022-02-25.md,other,dummy_data/2022/02_raw_documents/logistics_logs/DOC-2022-010-004_product_code_typo_2022-02-25.md,2022-02-25T09:00:00,pending
DOC-2022-011-001,118e0c39-7fda-5cb6-b75d-02bb0f196654,586d5511-0afc-5d93-bbec-d3955db635ac,DOC-2022-011-001_supplier_reply_delay_2022-06-02.md,other,dummy_data/2022/02_raw_documents/sales_emails/DOC-2022-011-001_supplier_reply_delay_2022-06-02.md,2022-06-02T09:00:00,pending
DOC-2022-011-002,8570d28a-ea18-5657-8ce5-aaa131bb3219,586d5511-0afc-5d93-bbec-d3955db635ac,DOC-2022-011-002_supplier_reply_delay_2022-06-06.md,other,dummy_data/2022/02_raw_documents/purchase_emails/DOC-2022-011-002_supplier_reply_delay_2022-06-06.md,2022-06-06T09:00:00,pending
DOC-2022-011-003,4f9b290d-0c64-5d9b-b0d5-211375fe1257,586d5511-0afc-5d93-bbec-d3955db635ac,DOC-2022-011-003_supplier_reply_delay_2022-06-10.md,other,dummy_data/2022/02_raw_documents/quality_claims/DOC-2022-011-003_supplier_reply_delay_2022-06-10.md,2022-06-10T09:00:00,pending
DOC-2022-011-004,55451dab-f981-599a-b96b-ff591cc4047b,586d5511-0afc-5d93-bbec-d3955db635ac,DOC-2022-011-004_supplier_reply_delay_2022-06-14.md,other,dummy_data/2022/02_raw_documents/logistics_logs/DOC-2022-011-004_supplier_reply_delay_2022-06-14.md,2022-06-14T09:00:00,pending
DOC-2022-012-001,a137cb49-8aef-5168-940c-8be952e4768b,586d5511-0afc-5d93-bbec-d3955db635ac,DOC-2022-012-001_shipment_quantity_fix_2022-06-16.md,other,dummy_data/2022/02_raw_documents/sales_emails/DOC-2022-012-001_shipment_quantity_fix_2022-06-16.md,2022-06-16T09:00:00,pending
DOC-2022-012-002,b76437d3-2946-5db6-85b1-bb2431845b78,586d5511-0afc-5d93-bbec-d3955db635ac,DOC-2022-012-002_shipment_quantity_fix_2022-06-20.md,other,dummy_data/2022/02_raw_documents/purchase_emails/DOC-2022-012-002_shipment_quantity_fix_2022-06-20.md,2022-06-20T09:00:00,pending
DOC-2022-012-003,b036a710-97f1-5541-b787-55b9acf6630e,586d5511-0afc-5d93-bbec-d3955db635ac,DOC-2022-012-003_shipment_quantity_fix_2022-06-23.md,other,dummy_data/2022/02_raw_documents/quality_claims/DOC-2022-012-003_shipment_quantity_fix_2022-06-23.md,2022-06-23T09:00:00,pending
DOC-2022-012-004,c5cddd48-0153-5972-9c41-863643c69867,586d5511-0afc-5d93-bbec-d3955db635ac,DOC-2022-012-004_shipment_quantity_fix_2022-06-27.md,other,dummy_data/2022/02_raw_documents/logistics_logs/DOC-2022-012-004_shipment_quantity_fix_2022-06-27.md,2022-06-27T09:00:00,pending
DOC-2022-013-001,dbb3be7e-0a3c-50fd-891f-90c07d964156,586d5511-0afc-5d93-bbec-d3955db635ac,DOC-2022-013-001_owner_change_2022-09-02.md,other,dummy_data/2022/02_raw_documents/sales_emails/DOC-2022-013-001_owner_change_2022-09-02.md,2022-09-02T09:00:00,pending
DOC-2022-013-002,58a66c0d-31a8-53d4-997d-fb328d4bf5c7,586d5511-0afc-5d93-bbec-d3955db635ac,DOC-2022-013-002_owner_change_2022-09-06.md,other,dummy_data/2022/02_raw_documents/purchase_emails/DOC-2022-013-002_owner_change_2022-09-06.md,2022-09-06T09:00:00,pending
DOC-2022-013-003,e53ec1af-1e13-53ff-a7bd-072caa1e0960,586d5511-0afc-5d93-bbec-d3955db635ac,DOC-2022-013-003_owner_change_2022-09-09.md,other,dummy_data/2022/02_raw_documents/quality_claims/DOC-2022-013-003_owner_change_2022-09-09.md,2022-09-09T09:00:00,pending
DOC-2022-013-004,d9a97a7a-e0d3-5cd5-a46a-08c485a1ed8b,586d5511-0afc-5d93-bbec-d3955db635ac,DOC-2022-013-004_owner_change_2022-09-13.md,other,dummy_data/2022/02_raw_documents/logistics_logs/DOC-2022-013-004_owner_change_2022-09-13.md,2022-09-13T09:00:00,pending
DOC-2022-014-001,03db43c1-4986-5f74-97ac-ffc00dcfaba1,586d5511-0afc-5d93-bbec-d3955db635ac,DOC-2022-014-001_repeated_todo_open_2022-09-16.md,other,dummy_data/2022/02_raw_documents/sales_emails/DOC-2022-014-001_repeated_todo_open_2022-09-16.md,2022-09-16T09:00:00,pending
DOC-2022-014-002,84198673-d443-5e02-af07-e82431a72558,586d5511-0afc-5d93-bbec-d3955db635ac,DOC-2022-014-002_repeated_todo_open_2022-09-20.md,other,dummy_data/2022/02_raw_documents/purchase_emails/DOC-2022-014-002_repeated_todo_open_2022-09-20.md,2022-09-20T09:00:00,pending
DOC-2022-014-003,029e0b3e-d061-52c0-997f-f24f4e6a982b,586d5511-0afc-5d93-bbec-d3955db635ac,DOC-2022-014-003_repeated_todo_open_2022-09-25.md,other,dummy_data/2022/02_raw_documents/quality_claims/DOC-2022-014-003_repeated_todo_open_2022-09-25.md,2022-09-25T09:00:00,pending
DOC-2022-014-004,d4d91408-db3f-5db0-86ec-3999ff71303b,586d5511-0afc-5d93-bbec-d3955db635ac,DOC-2022-014-004_repeated_todo_open_2022-09-29.md,other,dummy_data/2022/02_raw_documents/logistics_logs/DOC-2022-014-004_repeated_todo_open_2022-09-29.md,2022-09-29T09:00:00,pending
DOC-2022-015-001,aa7a9c73-a318-589b-8b0a-8d8c8bc7c65e,586d5511-0afc-5d93-bbec-d3955db635ac,DOC-2022-015-001_month_end_check_2022-11-02.md,other,dummy_data/2022/02_raw_documents/sales_emails/DOC-2022-015-001_month_end_check_2022-11-02.md,2022-11-02T09:00:00,pending
DOC-2022-015-002,b84af7dc-3b87-5808-abff-a93c2d14f5f2,586d5511-0afc-5d93-bbec-d3955db635ac,DOC-2022-015-002_month_end_check_2022-11-06.md,other,dummy_data/2022/02_raw_documents/purchase_emails/DOC-2022-015-002_month_end_check_2022-11-06.md,2022-11-06T09:00:00,pending
DOC-2022-015-003,869adaa3-df37-55c5-b415-81b8566e7997,586d5511-0afc-5d93-bbec-d3955db635ac,DOC-2022-015-003_month_end_check_2022-11-10.md,other,dummy_data/2022/02_raw_documents/quality_claims/DOC-2022-015-003_month_end_check_2022-11-10.md,2022-11-10T09:00:00,pending
DOC-2022-015-004,01049427-1914-51d0-a602-9e3ae376bf8b,586d5511-0afc-5d93-bbec-d3955db635ac,DOC-2022-015-004_month_end_check_2022-11-14.md,other,dummy_data/2022/02_raw_documents/logistics_logs/DOC-2022-015-004_month_end_check_2022-11-14.md,2022-11-14T09:00:00,pending
DOC-2022-016-001,c8580efc-9e3b-58d1-91ac-db42d7f73389,586d5511-0afc-5d93-bbec-d3955db635ac,DOC-2022-016-001_customer_price_update_gap_2022-11-16.md,other,dummy_data/2022/02_raw_documents/sales_emails/DOC-2022-016-001_customer_price_update_gap_2022-11-16.md,2022-11-16T09:00:00,pending
DOC-2022-016-002,99c98cd4-3452-51fd-a963-869b8c5e9d0e,586d5511-0afc-5d93-bbec-d3955db635ac,DOC-2022-016-002_customer_price_update_gap_2022-11-20.md,other,dummy_data/2022/02_raw_documents/purchase_emails/DOC-2022-016-002_customer_price_update_gap_2022-11-20.md,2022-11-20T09:00:00,pending
DOC-2022-016-003,09704fa5-5329-5c3b-ba0d-fd367cd9287c,586d5511-0afc-5d93-bbec-d3955db635ac,DOC-2022-016-003_customer_price_update_gap_2022-11-25.md,other,dummy_data/2022/02_raw_documents/quality_claims/DOC-2022-016-003_customer_price_update_gap_2022-11-25.md,2022-11-25T09:00:00,pending
DOC-2022-016-004,53ca3c8e-8e45-5319-b5f5-8bde124dac26,586d5511-0afc-5d93-bbec-d3955db635ac,DOC-2022-016-004_customer_price_update_gap_2022-11-29.md,other,dummy_data/2022/02_raw_documents/logistics_logs/DOC-2022-016-004_customer_price_update_gap_2022-11-29.md,2022-11-29T09:00:00,pending
